Time (s),Latitude,Longitude,Altitude,Altitude WGS84 (m),Speed (m/s),Direction (Â°),Distance (km),Horizontal Accuracy (m),Vertical Accuracy (m),Satellites
0.008570075035,62.47465434,6.236635038,26.10755102,69.99877563,0,NaN,0.01772843111,3.75151386,8.708750725,-1
0.03217303753,62.47463447,6.236977342,26.10755102,69.99880041,NaN,NaN,0.02139390039,28.9192318,8.717093831,-1
0.5441310406,62.47463332,6.236906056,26.10755102,69.99879992,NaN,NaN,0.03332791068,26.16139096,8.717102937,-1
3.28996408,62.47465849,6.236680299,23.34039163,67.23161354,0.1755227745,NaN,0.03587743043,12.65492067,12.09309006,-1
4.289981127,62.47465715,6.236630772,21.42510633,65.31632838,0.143002525,NaN,0.0375372068,6.678963191,10.62243843,-1
5.289984465,62.47464233,6.236626881,21.61956905,65.5108041,0.1768533587,NaN,0.03889935525,5.920454148,9.365786552,-1
6.942990065,62.47463018,6.23663033,24.21872932,68.10997517,0.06330837309,NaN,0.03894567606,2.980397904,5.073393822,-1
7.942993164,62.47463009,6.236629453,24.22079228,68.1120382,0.02941933461,NaN,0.03918253242,2.709982685,4.115383148,-1
8.943280458,62.47463221,6.236629197,24.59528644,68.48653048,0.09156255424,NaN,0.0393521899,2.45923332,3.422685146,-1
9.943290353,62.47463373,6.236628813,24.90580416,68.79704685,0.01946095377,NaN,0.03938658009,2.320130668,3.005465508,-1
10.94329393,62.47463346,6.236629127,25.03780048,68.92904342,0.06007054821,NaN,0.03939003139,2.228072226,3,-1
11.94329405,62.47463343,6.236629163,25.03780048,68.92904344,0,NaN,0.03939204963,2.174570175,3,-1
12.943295,62.47463342,6.236629185,25.03780048,68.92904345,0,NaN,0.0394253348,2.14267498,3,-1
13.94329143,62.47463316,6.236629537,25.03780048,68.92904368,0,NaN,0.03942693165,2,3,-1
14.94328451,62.47463315,6.236629554,25.03780048,68.9290437,0,NaN,0.03943180604,2,3,-1
15.94327879,62.47463312,6.236629606,25.03783489,68.92907814,0,NaN,0.03943180606,2,6.770675565,-1
16.94326663,62.47463312,6.236629606,25.03783489,68.92907814,0,NaN,0.03943180608,2.000027544,6.760582204,-1
17.94325781,62.47463312,6.236629606,25.03783489,68.92907814,0,NaN,0.03943180611,2.000055426,6.627302916,-1
18.94324946,62.47463312,6.236629606,25.03783489,68.92907814,0,NaN,0.03943180613,2.000083313,6.362676143,-1
19.94323695,62.47463312,6.236629606,25.03783489,68.92907814,0,NaN,0.03943180615,2.000111063,6.812367641,-1
20.9432292,62.47463312,6.236629606,25.03783489,68.92907814,0,NaN,0.03943180617,2.000138974,6.888727866,-1
21.94322169,62.47463312,6.236629606,25.03783489,68.92907814,0,NaN,0.03943180619,2.000166579,6.922436378,-1
22.94320893,62.47463312,6.236629606,25.03783489,68.92907814,0,NaN,0.03943180621,2.000194511,6.95798762,-1
23.94319534,62.47463312,6.236629606,25.03783489,68.92907814,0,NaN,0.03943180624,2.000222383,6.973903164,-1
24.94318342,62.47463312,6.236629606,25.03783489,68.92907814,0,NaN,0.03943180626,2.000249851,6.996065186,-1
25.94317186,62.47463312,6.236629606,25.03783489,68.92907814,0,NaN,0.03943180628,2.000277712,6.994943239,-1
26.94316018,62.47463312,6.236629606,25.03783489,68.92907814,0,NaN,0.0394318063,2.000305287,6.993729811,-1
27.94314969,62.47463312,6.236629606,25.03783489,68.92907814,0,NaN,0.03943180632,2.000333095,6.991751256,-1
28.94314075,62.47463312,6.236629606,25.03783489,68.92907814,0,NaN,0.03943180635,2.000360977,6.978041628,-1
29.94313192,62.47463312,6.236629606,25.03783489,68.92907814,0,NaN,0.03943180637,2.000389176,6.775325986,-1
30.94312394,62.47463312,6.236629606,25.03783489,68.92907814,0,NaN,0.03949158414,2.000417818,6.929935907,-1
31.9431169,62.47463342,6.23662864,25.03783489,68.92907785,0,NaN,0.03949158421,2.000005091,6.754434367,-1
32.94310904,62.47463342,6.23662864,25.03783489,68.92907785,0,NaN,0.03949188704,2.000033328,6.907972376,-1
33.94310308,62.47463342,6.236628634,25.03783489,68.92907785,0,NaN,0.0394918871,2.000048763,6.957681371,-1
34.94309711,62.47463342,6.236628634,25.03783489,68.92907785,0,NaN,0.03972703885,2.000076971,6.834833584,-1
35.94309163,62.4746328,6.236624254,25.27393006,69.16517347,0.01335684096,NaN,0.03982999544,2,3,-1
36.94308627,62.47463234,6.23662252,25.27451005,69.16575383,0.01107924545,NaN,0.03990492374,2,3,-1
37.9430809,62.47463272,6.236621314,25.17584543,69.06708885,0.00301079825,NaN,0.03991805896,2.000028153,3,-1
38.94307768,62.4746328,6.236621493,25.07328611,68.96452946,0.01405898121,NaN,0.03998353347,2.000056375,3,-1
39.9430728,62.47463253,6.236622627,25.00452378,68.89576739,0.02909252069,NaN,0.04002153715,2.000084572,3,-1
40.9430697,62.47463239,6.236623297,24.98024867,68.87149242,0.05506618119,NaN,0.04013678839,2.000112869,3,-1
41.94306648,62.47463276,6.236621199,24.97615482,68.86739821,0.0153488717,NaN,0.04019939627,2,3,-1
42.94306326,62.47463267,6.236622403,25.04692401,68.9381675,0.07468495766,NaN,0.04028234762,2.000027809,3,-1
43.9430604,62.47463276,6.236620801,25.09698032,68.98822369,0.02007051905,NaN,0.04031597287,2,3,-1
44.94305778,62.47463267,6.236620181,25.10475889,68.99600233,0.02110134225,NaN,0.04035033785,2.000028164,3,-1
45.94305599,62.47463239,6.236620459,25.17355501,69.06479871,0.007676577167,NaN,0.04036431408,2.000056696,3,-1
46.94305325,62.47463242,6.236620196,25.19212495,69.08336861,0.02095439386,NaN,0.04038122176,2,3,-1
47.94305146,62.47463229,6.236620381,25.23864601,69.12988979,0.01802538784,NaN,0.0404196947,2.000028121,3,-1
48.94304943,62.47463257,6.236620829,25.22195909,69.11320263,0.01000619722,NaN,0.04047415347,2.000056534,3,-1
49.94304788,62.47463288,6.236620008,25.2331846,69.12442786,0.006920201922,NaN,0.04049757457,2,3,-1
50.94304693,62.47463272,6.236619702,25.30223971,69.1934831,0.002818273536,NaN,0.04052916495,2.000028142,3,-1
51.94304609,62.474633,6.236619572,25.30135098,69.19259412,0.01582777978,NaN,0.04058655579,2,3,-1
52.94304442,62.47463263,6.236620356,25.29443264,69.18567612,0.05842290356,NaN,0.04063140997,2.000027828,3,-1
53.94304442,62.47463266,6.236619485,25.29861325,69.18985669,0.01170754458,NaN,0.04065680574,2.000055595,3,-1
54.94304287,62.47463274,6.236619942,25.27893786,69.17018123,0.008261679259,NaN,0.04068436249,2.000083291,3,-1
55.94304287,62.47463294,6.236619611,25.26453981,69.155783,0.001908075026,NaN,0.04074477031,2.000111184,3,-1
56.9430424,62.47463266,6.236620618,25.29919195,69.19043542,0.009041984035,NaN,0.04082382004,2,3,-1
57.94304192,62.47463315,6.23662173,25.27321897,69.16446202,0.008834265108,NaN,0.04094287674,2.00002752,3,-1
58.94304156,62.47463414,6.236620827,25.32441578,69.21565794,0.03779502154,NaN,0.04097339263,2,3,-1
59.9430418,62.47463439,6.236621043,25.30275114,69.19399308,0.005179628333,NaN,0.04105940208,2.000027855,3,-1
60.94304132,62.47463499,6.236619975,25.28493957,69.17618096,0.01791572907,NaN,0.04111130925,2,3,-1
61.94304132,62.47463473,6.236620822,25.30206213,69.19330377,0.004806867138,NaN,0.04115624764,2.000027934,3,-1
62.94304097,62.47463485,6.236619988,25.30742075,69.19866226,0.00863793778,NaN,0.04120657844,2.000055817,3,-1
63.94304121,62.47463498,6.236619046,25.33558815,69.22682953,0.01224580245,NaN,0.04122085181,2.000004741,3,-1
64.94304144,62.47463487,6.236619196,25.3807586,69.27200008,0.02156037254,NaN,0.04125913707,2,3,-1
65.94304192,62.4746349,6.236618454,25.401627,69.29286844,0.04881428227,NaN,0.04127712452,2,3,-1
66.94304192,62.47463498,6.236618144,25.36047763,69.25171899,0.0168866419,NaN,0.04137728432,2,3,-1
67.94304192,62.47463556,6.236616653,25.42465223,69.31589305,0.009046681588,NaN,0.04142325588,2,3,-1
68.94304347,62.47463581,6.236615941,25.3954856,69.28672618,0.01090717628,NaN,0.0414527212,2,3,-1
69.94304347,62.47463556,6.236615766,25.46967791,69.36091871,0.006821187583,NaN,0.04152724877,2.000028497,3,-1
70.94304442,62.47463491,6.236616177,25.53846354,69.42970492,0.0410434024,NaN,0.04158442755,2.000056651,3,-1
71.94304502,62.47463485,6.236615073,25.55573172,69.44697313,0.0193873874,NaN,0.04160351971,2.000085222,3,-1
72.9430455,62.47463473,6.236614799,25.57436869,69.46561019,0.004958288116,NaN,0.04163410816,2,3,-1
73.94304585,62.47463455,6.236615236,25.61693468,69.50817636,0.005220227939,NaN,0.0416739412,2,3,-1
74.94304681,62.47463457,6.23661601,25.60737255,69.49861423,0.01488128164,NaN,0.04174180966,2.000028278,3,-1
75.94304729,62.47463397,6.236615709,25.59578554,69.48702773,0.007971219223,NaN,0.04177106698,2,3,-1
76.94304764,62.47463409,6.236616219,25.57567963,69.46692174,0.01185831891,NaN,0.04180991521,2.00002848,3,-1
77.94304883,62.47463382,6.236616685,25.57209323,69.46333559,0.01353629815,NaN,0.0418406739,2,3,-1
78.94304955,62.47463408,6.236616882,25.55532162,69.44656376,0.01673509746,NaN,0.04185109479,2.000028272,3,-1
79.94305027,62.47463417,6.236616902,25.55851256,69.44975461,0.001493728907,NaN,0.04195493205,2,3,-1
80.9430517,62.4746351,6.236616986,25.51992328,69.41116451,0.07368165664,NaN,0.04199134051,2.000028304,3,-1
81.94305182,62.47463479,6.236616787,25.46102754,69.35226904,0.0183235596,NaN,0.04208653722,2.000056643,3,-1
82.94305336,62.47463405,6.236615841,25.43862811,69.32987025,0.004310726993,NaN,0.04210145034,2.000084855,3,-1
83.94305432,62.47463394,6.236615669,25.48254103,69.37378325,0.002056016108,NaN,0.04216465622,2.000112807,3,-1
84.94305491,62.47463377,6.236614498,25.56136744,69.45260979,0.004845478752,NaN,0.0422414784,2,3,-1
85.94305587,62.47463323,6.236613575,25.53640035,69.42764316,0.005527872959,NaN,0.04224778585,2,3,-1
86.94305658,62.47463328,6.236613586,25.56318186,69.45442462,0.03369471769,NaN,0.04230909823,2,3,-1
87.94305766,62.47463383,6.236613805,25.50872162,69.39996391,0.03338530362,NaN,0.04235125008,2.00002815,3,-1
88.94305885,62.47463345,6.236613937,25.49663828,69.3878809,0.01263730781,NaN,0.04243857225,2.000056091,3,-1
89.9430598,62.47463281,6.236614911,25.53569656,69.42693977,0.0104968604,NaN,0.04246086446,2,3,-1
90.94306111,62.47463293,6.236615254,25.50029804,69.39154114,0.01477111121,NaN,0.04249573777,2.000027854,3,-1
91.94306159,62.47463292,6.236614576,25.52476345,69.41600655,0.01229085994,NaN,0.04252873929,2,3,-1
92.94306326,62.47463309,6.236614049,25.49775394,69.38899689,0.02128025512,NaN,0.0425775307,2.000028265,3,-1
93.94306409,62.47463292,6.236614925,25.45886329,69.35010641,0.03022788071,NaN,0.04262048677,2,3,-1
94.94306552,62.47463255,6.236614696,25.48520696,69.37645039,0.02202788886,NaN,0.04266438457,2,3,-1
95.94306612,62.47463288,6.236615157,25.46643846,69.35768161,0.01717665612,NaN,0.04274629287,2.000027889,3,-1
96.94306755,62.47463219,6.236614622,25.45126661,69.34251037,0.01883546591,NaN,0.0427885069,2,3,-1
97.94306862,62.47463228,6.236615416,25.44769771,69.33894139,0.01342387106,NaN,0.04284812939,2.000028105,3,-1
98.94306922,62.47463186,6.236616126,25.42197653,69.3132206,0.00300335622,NaN,0.0428707743,2,3,-1
99.94307101,62.47463174,6.236615767,25.42866916,69.31991333,0.003672344352,NaN,0.04293160493,2,3,-1
100.943072,62.47463229,6.236615673,25.42623795,69.31748164,0.008291690496,NaN,0.04296727963,2,3,-1
101.9430726,62.47463246,6.236616256,25.44045968,69.33170322,0.009625676184,NaN,0.04305316943,2.000027691,3,-1
102.9430742,62.4746321,6.236617727,25.42735875,69.31860265,0.007470581972,NaN,0.04317163208,2,3,-1
103.9430746,62.47463117,6.236616573,25.40749755,69.29874224,0.006372179297,NaN,0.04320787122,2,3,-1
104.9430764,62.47463098,6.236616003,25.38865302,69.27989787,0.005342616592,NaN,0.04323791742,2.00002791,3,-1
105.9430779,62.47463125,6.236616,25.35885309,69.2500977,0.009248169185,NaN,0.04330108007,2.000055929,3,-1
106.9430785,62.47463166,6.236615157,25.40121517,69.29245939,0.00556736356,NaN,0.04341971357,2.000083616,3,-1
107.9430797,62.47463092,6.236616821,25.40603396,69.29727887,0.04713922445,NaN,0.04351882003,2.000111542,3,-1
108.9430805,62.47463021,6.236617973,25.38169531,69.27294088,0.01245690212,NaN,0.04358336146,2,3,-1
109.9430815,62.47462968,6.236618505,25.37704595,69.26829199,0.005441833016,NaN,0.04361646126,2,3,-1
110.9430833,62.4746298,6.236617914,25.44501411,69.33626004,0.07791262869,NaN,0.04369396981,2.000028315,3,-1
111.943085,62.47462971,6.236616419,25.48485142,69.3760974,0.01658361357,NaN,0.04375039648,2.000056563,3,-1
112.9430858,62.47462997,6.236617361,25.4616691,69.35291487,0.00316714237,NaN,0.04383234666,2.000084884,3,-1
113.9430867,62.47463006,6.236618943,25.49700865,69.38825437,0.01127602343,NaN,0.0438576683,2.000113016,3,-1
114.9430884,62.47463008,6.236619435,25.47803278,69.3692785,0.009198818179,NaN,0.04386997957,2,3,-1
115.9430894,62.47463018,6.236619514,25.5454394,69.43668503,0.0145228365,NaN,0.04389014414,2,3,-1
116.9430907,62.47463003,6.236619723,25.51771803,69.4089638,0.01575134606,NaN,0.04391633556,2.000028299,3,-1
117.9430918,62.47463023,6.236619459,25.49877931,69.3900249,0.006484942261,NaN,0.04397132127,2.000056744,3,-1
118.9430927,62.47463021,6.23661839,25.52679854,69.41804413,0.002521260964,NaN,0.04399255099,2.00008525,3,-1
119.9430935,62.47463038,6.23661858,25.57418165,69.46542709,0.0343196452,NaN,0.04401746055,2,3,-1
120.9430952,62.47463015,6.236618557,25.54981921,69.44106484,0.00650807317,NaN,0.0440551929,2.000028647,3,-1
121.9430958,62.47462992,6.236618016,25.56407431,69.45532013,0.009743396017,NaN,0.04407812263,2,3,-1
122.9430974,62.47463005,6.236617664,25.60935387,69.50059958,0.003979066679,NaN,0.04412880465,2,3,-1
123.9430987,62.47463039,6.236617007,25.54572178,69.43696717,0.005071627731,NaN,0.04414658951,2,3,-1
124.9431001,62.47463027,6.236617238,25.53771127,69.42895677,0.01228130402,NaN,0.04417777774,2.000028477,3,-1
125.9431007,62.47463023,6.236616638,25.51551365,69.40675918,0.01352034853,NaN,0.04421992379,2,3,-1
126.9431015,62.47463005,6.236615913,25.49451339,69.38575905,0.02534220266,NaN,0.0442557016,2,3,-1
127.9431072,62.47462998,6.23661659,25.47448104,69.36572679,0.01180495997,NaN,0.04433000748,2.000028661,3,-1
128.9431056,62.47463002,6.236615147,25.45696958,69.34821526,0.006942904955,NaN,0.044347075,2,3,-1
129.9431059,62.47462987,6.236615112,25.42635114,69.31759696,0.01827308741,NaN,0.04441629106,2,3,-1
130.9431067,62.47463046,6.236614746,25.4672234,69.35846868,0.02838752484,NaN,0.04443919123,2.000028692,3,-1
131.9431089,62.47463031,6.236615045,25.52734278,69.4185882,0.06305548575,NaN,0.04448512209,2,3,-1
132.9431092,62.47463042,6.236615906,25.57115851,69.46240384,0.02347284955,NaN,0.04451448029,2,3,-1
133.9435598,62.4746306,6.236615483,25.64809213,69.53933731,0.01777804789,NaN,0.04455660862,2,3,-1
134.943565,62.47463044,6.236616227,25.68415029,69.57539562,0.04449608449,NaN,0.04463836924,2,3,-1
135.9435658,62.47463014,6.236614776,25.722533,69.61377856,0.024667208,NaN,0.04467452407,2,3,-1
136.9435563,62.47463015,6.236615479,25.75816517,69.64941074,0.02185296996,NaN,0.04470407937,2.00002861,3,-1
137.9435481,62.47463003,6.23661599,25.81361307,69.70485876,0.05796074791,NaN,0.0447217937,2.000056924,3,-1
138.9435329,62.47462995,6.236615689,25.8606533,69.75189905,0.01400928237,NaN,0.04475959392,2,3,-1
139.9435141,62.47462977,6.236616309,25.95561492,69.84686085,0.005488045338,NaN,0.04476414807,2.000028395,3,-1
140.9434981,62.4746298,6.236616351,25.92446126,69.81570716,0.01390376473,NaN,0.04478514097,2.000056945,3,-1
141.9434745,62.47462978,6.236615944,25.96930208,69.86054798,0.003671475807,NaN,0.04480429932,2,3,-1
142.9434509,62.47462991,6.236616194,25.99192206,69.88316786,0.008514325111,NaN,0.04486939615,2.000028438,3,-1
143.9434346,62.47463011,6.236617388,25.82587543,69.71712108,0.1454890779,NaN,0.04488481831,2,3,-1
144.943408,62.47463,6.236617575,25.93188792,69.82313367,0.02546322253,NaN,0.04492438206,2.000028442,3,-1
145.9433804,62.47462978,6.236618186,25.94243007,69.83367602,0.002998998985,NaN,0.04496104255,2,3,-1
146.9433577,62.47462961,6.236618797,26.00822253,69.89946864,0.008360154369,NaN,0.04498708129,2,3,-1
147.9433343,62.4746298,6.236618501,26.01127769,69.90252363,0.03080845425,NaN,0.04503187593,2,3,-1
148.9433113,62.47463019,6.236618322,26.06967824,69.96092383,0.0022837394,NaN,0.04506338752,2,3,-1
149.9432881,62.47463044,6.236618619,26.12520345,70.01644883,0.01821046438,NaN,0.04510546899,2,3,-1
150.9432677,62.47463008,6.236618852,26.12387083,70.01511654,0.02372086265,NaN,0.04513270153,2.000028383,3,-1
151.9432482,62.47462984,6.236618803,26.20821562,70.09946154,0.01105040276,NaN,0.0451788927,2,3,-1
152.9432293,62.47462956,6.236618131,26.22301647,70.11426262,0.009539005139,NaN,0.0452031939,2.000028145,3,-1
153.943212,62.47462978,6.236618167,26.25722944,70.14847539,0.008134010522,NaN,0.0452602579,2.000056644,3,-1
154.9431952,62.47463029,6.236618215,26.25464967,70.14589518,0.02445967273,NaN,0.04527352801,2.000085153,3,-1
155.9431803,62.47463024,6.236617978,26.16288888,70.05413442,0.08443534645,NaN,0.04533023153,2.000113617,3,-1
156.9431648,62.4746298,6.236618544,26.2428625,70.13410844,0.01015044311,NaN,0.04534619714,2,3,-1
157.9431517,62.47462995,6.236618586,26.25300976,70.14425557,0.02297835246,NaN,0.0453678854,2,3,-1
158.9431382,62.47463012,6.236618387,26.23176355,70.12300921,0.009240488107,NaN,0.04540338242,2,3,-1
159.9431258,62.47463024,6.236617744,26.25722367,70.14846921,0.00284379748,NaN,0.04543889923,2,3,-1
160.9431137,62.47463045,6.236618263,26.2824797,70.17372506,0.01369544449,NaN,0.04544657551,2.000028299,3,-1
161.9431027,62.47463038,6.236618196,26.301561,70.19280642,0.002690150087,NaN,0.04545798755,2,3,-1
162.9430923,62.47463037,6.236617975,26.30692775,70.19817317,0.00627618547,NaN,0.04547455405,2.000028411,3,-1
163.943082,62.47463029,6.236617707,26.32974727,70.22099276,0.01091638558,NaN,0.045477904,2,3,-1
164.9430736,62.47463029,6.236617642,26.33812661,70.2293721,0.001813501748,NaN,0.04550546645,2,3,-1
165.9430639,62.47463042,6.236617177,26.35687895,70.24812432,0.02653203761,NaN,0.04554271525,2.000028058,3,-1
166.9430552,62.47463013,6.236617563,26.27567209,70.16691772,0.02329238812,NaN,0.04556757979,2,3,-1
167.9430482,62.47463,6.236617167,26.21031077,70.10155651,0.008333564243,NaN,0.04559395499,2.000028302,3,-1
168.9430394,62.47462989,6.236616719,26.18852941,70.07977523,0.006360988124,NaN,0.04560024369,2,3,-1
169.9430327,62.47462985,6.236616801,26.1812849,70.07253077,0.002297733086,NaN,0.04564443986,2,3,-1
170.9430252,62.47463014,6.236617375,26.14281828,70.03406389,0.005888762781,NaN,0.045689043,2.000028124,3,-1
171.9430184,62.47463054,6.236617568,26.14629811,70.03754339,0.006392273349,NaN,0.0457521981,2,3,-1
172.9430127,62.47463108,6.23661725,26.14977785,70.04102263,0.006159253595,NaN,0.04575644508,2.000028386,3,-1
173.9430065,62.47463112,6.236617278,26.14729506,70.03853981,0.02120224636,NaN,0.04585049322,2,3,-1
174.943001,62.47463185,6.236618192,26.14222754,70.03347167,0.003336167671,NaN,0.04589277861,2.000028394,3,-1
175.9429955,62.47463198,6.236617421,26.17296334,70.06420733,0.01278998246,NaN,0.04595006058,2.000056668,3,-1
176.9429898,62.47463211,6.236616338,26.21096928,70.10221314,0.00530127061,NaN,0.04597737743,2.000085226,3,-1
177.9429851,62.47463193,6.236616704,26.1911999,70.08244392,0.002671771954,NaN,0.04601714106,2.000113721,3,-1
178.9429799,62.47463159,6.236616462,26.21216087,70.10340519,0.01865321854,NaN,0.04607072852,2,3,-1
179.9429753,62.47463206,6.236616668,26.27900088,70.17024479,0.0199122238,NaN,0.04613900734,2,3,-1
180.9429713,62.47463205,6.236617996,26.30366291,70.19490685,0.01397289108,NaN,0.04619016429,2.000004933,3,-1
181.9429668,62.47463159,6.236617902,26.27501805,70.1662624,0.004790312475,NaN,0.0462023148,2.000033338,3,-1
182.9429625,62.4746317,6.236617963,26.31917036,70.21041462,0.003754506275,NaN,0.04622604955,2.000061597,3,-1
183.9429586,62.47463184,6.236618307,26.34331268,70.23455681,0.01345525397,NaN,0.04627961074,2.000089688,3,-1
184.9429543,62.47463232,6.236618352,26.36383204,70.25507576,0.008005097158,NaN,0.04636468172,2,3,-1
185.9429508,62.47463177,6.236619491,26.34998406,70.24122829,0.0163085422,NaN,0.04641840327,2.000008577,3,-1
186.9429475,62.47463139,6.236620158,26.35992775,70.25117232,0.0168091612,NaN,0.04649640797,2,3,-1
187.9429437,62.4746312,6.2366187,26.43219903,70.32344374,0.02740967876,NaN,0.04657764113,2.000028393,3,-1
188.9429406,62.47463179,6.236619642,26.36472509,70.2559693,0.01493393887,NaN,0.04658109365,2.000056305,3,-1
189.942937,62.4746318,6.2366197,26.33454488,70.22578908,0.004241402362,NaN,0.04663776217,2.000084626,3,-1
190.9429339,62.47463166,6.236618641,26.3449527,70.23619701,0.04202893117,NaN,0.04665909954,2.000112774,3,-1
191.9429313,62.47463152,6.236618932,26.32084456,70.212089,0.01703664765,NaN,0.04673714145,2,3,-1
192.9429282,62.474631,6.236619939,26.37328101,70.26452592,0.01320590478,NaN,0.04683209031,2.000028274,3,-1
193.9429255,62.47463072,6.236618191,26.42877553,70.32002066,0.01101726951,NaN,0.04686887721,2.000056302,3,-1
194.9429227,62.47463053,6.236618772,26.36900364,70.26024894,0.01693495521,NaN,0.04697645826,2,3,-1
195.94292,62.47463044,6.236620858,26.35746929,70.24871472,0.009391195387,NaN,0.04705373621,2,3,-1
196.9429168,62.47463007,6.236619587,26.3671336,70.25837932,0.006822209136,NaN,0.04713377643,2.000027948,3,-1
197.9429146,62.47463053,6.23662079,26.34525863,70.23650397,0.01350078346,NaN,0.04719492028,2,3,-1
198.9429117,62.47462999,6.236620536,26.29227335,70.18351916,0.03901237682,NaN,0.04731085505,2,3,-1
199.9429094,62.47463011,6.236618293,26.33225368,70.22349935,0.03089100468,NaN,0.04737362443,2.00002786,3,-1
200.9429063,62.47463062,6.236617802,26.31208893,70.20333414,0.01401274094,NaN,0.04744415953,2.000055689,3,-1
201.9429047,62.47463122,6.236617369,26.35535686,70.24660152,0.009236644604,NaN,0.04747643099,2,3,-1
202.9429018,62.47463095,6.236617579,26.33512993,70.22637483,0.005733466101,NaN,0.04751799711,2.000027972,3,-1
203.9429003,62.47463059,6.236617759,26.33527537,70.22652061,0.003712806901,NaN,0.04755650679,2.000055585,3,-1
204.9428974,62.47463025,6.236617546,26.41427659,70.30552211,0.05760915193,NaN,0.04764039637,2,3,-1
205.9428954,62.47463088,6.236616639,26.46670943,70.35795438,0.02656875684,NaN,0.04767763657,2.000027723,3,-1
206.9428924,62.4746312,6.236616873,26.44847573,70.3397204,0.01819178013,NaN,0.0477367507,2.000055332,3,-1
207.9428912,62.47463067,6.236616856,26.43682997,70.32807512,0.01453895232,NaN,0.04780021088,2.000083052,3,-1
208.9428884,62.47463029,6.236617788,26.41136736,70.30261286,0.01370094184,NaN,0.04782527483,2.000110484,3,-1
209.9428864,62.47463049,6.236618023,26.35804624,70.24929156,0.01016361169,NaN,0.04788036329,2,3,-1
210.9428846,62.47463063,6.236619053,26.27995186,70.17119709,0.01240913052,NaN,0.04792838806,2,3,-1
211.9428827,62.47463086,6.236619833,26.26181575,70.15306078,0.0007253331416,NaN,0.04799983967,2.000027702,3,-1
212.9428798,62.4746312,6.236621023,26.204802,70.09604676,0.003369562061,NaN,0.04811429443,2,3,-1
213.9428785,62.47463101,6.236623213,26.1377738,70.02901878,0.009683872457,NaN,0.04822729974,2,3,-1
214.9428757,62.4746307,6.23662112,26.16397224,70.05521744,0.01730353452,NaN,0.04836785832,2.000027721,3,-1
215.9428742,62.47463148,6.23661898,26.17606914,70.06731361,0.004825534204,NaN,0.04839451944,2.000004117,3,-1
216.9428719,62.47463167,6.236619317,26.01037703,69.90162135,0.1184299791,NaN,0.0484059659,2.000031956,3,-1
217.9428707,62.47463177,6.236619323,26.03428377,69.92552799,0.02721821387,NaN,0.04846672464,2,3,-1
218.9428686,62.47463172,6.236618145,26.12754635,70.01879059,0.001419923915,NaN,0.04850241429,2,3,-1
219.9428662,62.47463159,6.236617514,26.17585899,70.06710333,0.007467813198,NaN,0.04854607811,2,3,-1
220.9428647,62.4746312,6.236617497,26.19324363,70.08448832,0.04758967423,NaN,0.0485870791,2,3,-1
221.9428627,62.47463127,6.236616717,26.22039123,70.11163583,0.01950060374,NaN,0.0486194701,2.000027694,3,-1
222.942861,62.47463103,6.236617051,26.25289704,70.14414187,0.01296190187,NaN,0.04868997082,2.000055839,3,-1
223.9428588,62.47463162,6.236617562,26.27900191,70.17024623,0.01218579658,NaN,0.0487031593,2.000083729,3,-1
224.9428566,62.47463169,6.236617759,26.29786241,70.18910666,0.005570479312,NaN,0.04876791161,2,3,-1
225.9428543,62.47463227,6.236617566,26.31830713,70.20955087,0.004880037997,NaN,0.04881734575,2,3,-1
226.9428533,62.47463261,6.236616958,26.36140032,70.25264375,0.01693553356,NaN,0.04886439924,2.000027721,3,-1
227.9428517,62.47463297,6.236616462,26.33977471,70.23101782,0.003288301726,NaN,0.04892100912,2,3,-1
228.9428495,62.47463246,6.236616299,26.33949136,70.2307349,0.001636885185,NaN,0.04901519196,2,3,-1
229.9428473,62.47463221,6.236618048,26.33661613,70.22785993,0.006093356859,NaN,0.04904284432,2,3,-1
230.9428461,62.47463246,6.236618056,26.32807557,70.21931916,0.01733627863,NaN,0.04906231262,2,3,-1
231.942844,62.47463263,6.236618151,26.29789184,70.18913528,0.01584650737,NaN,0.04910009875,2,3,-1
232.942842,62.47463287,6.236618656,26.24521388,70.13645711,0.03500845616,NaN,0.04911906428,2.000027772,3,-1
233.9428402,62.47463271,6.236618707,26.22880221,70.12004559,0.004816702638,NaN,0.04914368825,2.000055712,3,-1
234.9428387,62.47463269,6.236618229,26.2773505,70.16859388,0.008413257794,NaN,0.04916249102,2.000083404,3,-1
235.9428375,62.47463283,6.236618455,26.30872504,70.19996831,0.009154634728,NaN,0.04922116542,2,3,-1
236.9428351,62.47463259,6.236617436,26.35117059,70.24241404,0.01619018665,NaN,0.04929290828,2.000027755,3,-1
237.9428337,62.47463275,6.236618789,26.28699876,70.1782421,0.02481023344,NaN,0.04932486372,2.000055203,3,-1
238.942832,62.47463287,6.236619347,26.33562672,70.22686997,0.002763339929,NaN,0.04937836625,2,3,-1
239.9428295,62.47463325,6.236619984,26.33746676,70.22870969,0.01183047081,NaN,0.0494582066,2,3,-1
240.9428277,62.4746339,6.236619315,26.41369532,70.30493766,0.004906121742,NaN,0.04951337034,2.00002792,3,-1
241.9428265,62.47463384,6.236620379,26.46791031,70.35915273,0.04879630813,NaN,0.04956952404,2,3,-1
242.9428248,62.47463334,6.236620155,26.47784577,70.36908862,0.00547063581,NaN,0.04961518834,2.000027652,3,-1
243.9428228,62.47463374,6.236620363,26.46727051,70.35851301,0.02851990176,NaN,0.04966594638,2.000055692,3,-1
244.942821,62.47463335,6.236620855,26.40233171,70.29357457,0.02749737879,NaN,0.04970537663,2.000083529,3,-1
245.9428197,62.4746333,6.236621617,26.42366249,70.31490541,0.01490458421,NaN,0.04977062651,2,3,-1
246.9428182,62.47463277,6.236622125,26.3860414,70.2772848,0.02168807556,NaN,0.04983952931,2,3,-1
247.9428159,62.4746333,6.236621463,26.34116092,70.23240383,0.02934495192,NaN,0.04995350032,2,3,-1
248.9428148,62.47463314,6.236619272,26.31362056,70.20486357,0.005088351943,NaN,0.05007861643,2,3,-1
249.942813,62.47463407,6.236620662,26.36219215,70.25343437,0.007791367517,NaN,0.05015805275,2,3,-1
250.9428105,62.4746334,6.236621226,26.35601159,70.24725441,0.02093287905,NaN,0.05021566211,2.000027683,3,-1
251.942809,62.47463304,6.236622037,26.35920275,70.25044591,0.01373760304,NaN,0.05028646413,2.000055416,3,-1
252.9428076,62.47463276,6.236620808,26.36328451,70.25452789,0.00719656638,NaN,0.05034710367,2,3,-1
253.942806,62.47463279,6.236621985,26.29614823,70.18739161,0.01126324503,NaN,0.05039402101,2,3,-1
254.9428029,62.47463314,6.236622496,26.28283398,70.17407706,0.01571041867,NaN,0.05043639075,2,3,-1
255.9428017,62.47463342,6.236623056,26.24006422,70.13130706,0.008996177272,NaN,0.05054304902,2,3,-1
256.9428009,62.47463432,6.236622321,26.22308826,70.11433029,0.03194645512,NaN,0.05059495205,2.000027952,3,-1
257.9427981,62.47463389,6.236622713,26.21955678,70.1107992,0.01225723847,NaN,0.05066764741,2.000055739,3,-1
258.9427969,62.47463437,6.236623663,26.1826267,70.07386871,0.009823437724,NaN,0.05068368676,2,3,-1
259.9432051,62.47463431,6.236623944,26.17700778,70.06824986,0.0503165854,NaN,0.05073055534,2,3,-1
260.9432082,62.47463394,6.236623514,26.15842177,70.04966416,0.009424717733,NaN,0.05076217223,2,3,-1
261.9432065,62.47463411,6.236623027,26.17313822,70.06438045,0.008744163005,NaN,0.05079396832,2,3,-1
262.9432001,62.47463435,6.236622696,26.16622882,70.05747083,0.01970724101,NaN,0.05086031859,2.000028167,3,-1
263.9431942,62.47463408,6.236623842,26.13142157,70.02266385,0.01794845169,NaN,0.05087252182,2,3,-1
264.9431839,62.47463411,6.236623616,26.14719644,70.03843868,0.01877613724,NaN,0.05091075363,2,3,-1
265.9431734,62.47463393,6.236624246,26.16807376,70.05931617,0.009030933003,NaN,0.05095130891,2,3,-1
266.9431629,62.47463396,6.236623459,26.19845973,70.08970211,0.007998171545,NaN,0.05098946421,2,3,-1
267.943146,62.47463388,6.236624179,26.1711658,70.06240826,0.004959368488,NaN,0.05100448726,2.000027883,3,-1
268.9431305,62.4746339,6.236623892,26.16575068,70.05699311,0.0007486786434,NaN,0.05105148506,2.000055804,3,-1
269.9431148,62.47463363,6.236623181,26.15349042,70.04473308,0.01047437156,NaN,0.05112830704,2,3,-1
270.9430979,62.4746343,6.236622788,26.15883267,70.05007473,0.04092783882,NaN,0.05116895018,2,3,-1
271.9430848,62.47463452,6.236623427,26.12387441,70.01511629,0.004356582909,NaN,0.05120530147,2,3,-1
272.943072,62.47463468,6.236622817,26.16428679,70.05552851,0.02225184649,NaN,0.05127028849,2.000028079,3,-1
273.9430544,62.47463497,6.23662171,26.1511681,70.04240955,0.01116552654,NaN,0.05132475768,2,3,-1
274.9430383,62.47463527,6.236620878,26.19707847,70.08831963,0.04290707095,NaN,0.05134855176,2,3,-1
275.9430226,62.47463539,6.236621255,26.15601066,70.04725172,0.02594761307,NaN,0.05147493347,2,3,-1
276.9430079,62.47463612,6.236619368,26.18476364,70.07600402,0.02096599599,NaN,0.05150864254,2,3,-1
277.9429947,62.47463631,6.236619882,26.20950181,70.10074203,0.01245905839,NaN,0.05158005909,2,3,-1
278.942981,62.47463586,6.236618891,26.23183656,70.12307716,0.003790030244,NaN,0.05163775914,2,3,-1
279.9429688,62.47463536,6.23661922,26.27958798,70.17082902,0.01935505503,NaN,0.05165905008,2.000027545,3,-1
280.942956,62.47463518,6.236619274,26.25442414,70.14566535,0.01291341794,NaN,0.05175156366,2.00005505,3,-1
281.9429448,62.4746344,6.236618633,26.27012806,70.16136994,0.02083560962,NaN,0.05181904633,2.000082884,3,-1
282.9429338,62.4746338,6.236618456,26.33185324,70.22309565,0.02356911085,NaN,0.05191485641,2.000110554,3,-1
283.942924,62.47463331,6.236616912,26.30858409,70.1998269,0.008671014958,NaN,0.05194189626,2,3,-1
284.9429135,62.47463309,6.236616682,26.3550644,70.2463074,0.002762460624,NaN,0.05197449397,2,3,-1
285.9429039,62.4746333,6.236617135,26.32610005,70.21734288,0.008566972832,NaN,0.05202781415,2,3,-1
286.9428947,62.47463287,6.2366176,26.31895655,70.21019976,0.009730425693,NaN,0.05208772413,2,3,-1
287.9428861,62.4746334,6.236617822,26.33735591,70.22859866,0.01806138124,NaN,0.05212737646,2.000027834,3,-1
288.9428784,62.47463305,6.236617633,26.36967288,70.26091593,0.006031810496,NaN,0.05217169033,2.000055353,3,-1
289.9428699,62.47463285,6.236618372,26.39962158,70.29086482,0.03288379918,NaN,0.05219785195,2.00008311,3,-1
290.9428617,62.47463263,6.236618174,26.42004774,70.31129117,0.01167468074,NaN,0.05225816787,2,3,-1
291.942855,62.47463275,6.236617027,26.41730882,70.30855213,0.007105950072,NaN,0.0522797842,2,3,-1
292.9428473,62.47463258,6.236616812,26.4271192,70.31836265,0.008958427024,NaN,0.05230612686,2.000028266,3,-1
293.9428403,62.47463235,6.23661687,26.41648446,70.30772812,0.01003687909,NaN,0.05233477673,2.000056244,3,-1
294.942834,62.47463223,6.236616369,26.37893692,70.27018067,0.02916591397,NaN,0.05235827734,2,3,-1
295.9428281,62.47463225,6.236616825,26.37459918,70.26584292,0.008556396604,NaN,0.05239367629,2.000028332,3,-1
296.9428209,62.47463199,6.236616425,26.34968725,70.24093121,0.02840791801,NaN,0.05241490174,2.000056269,3,-1
297.9428146,62.47463212,6.236616731,26.34707326,70.23831712,0.02144006485,NaN,0.05243198468,2,3,-1
298.9428091,62.47463205,6.236617026,26.32716,70.21840393,0.0129907207,NaN,0.05244875539,2,3,-1
299.9428041,62.4746319,6.236617071,26.33305055,70.22429461,0.01620898692,NaN,0.05248547769,2,3,-1
300.9427985,62.47463211,6.23661652,26.31462805,70.20587192,0.05088390568,NaN,0.05254901324,2,3,-1
301.9427924,62.47463246,6.236617486,26.27124654,70.16249011,0.01689596079,NaN,0.05260872467,2,3,-1
302.9427875,62.47463296,6.236617943,26.207314,70.09855715,0.02692509299,NaN,0.05264577595,2.000028164,3,-1
303.9427826,62.47463293,6.236617225,26.18665125,70.07789441,0.009060194723,NaN,0.05268604021,2.000056277,3,-1
304.9427774,62.47463271,6.236616597,26.25211908,70.14336242,0.02970237426,NaN,0.05274791905,2.000084385,3,-1
305.9427722,62.47463318,6.236617257,26.26141535,70.15265828,0.002282837063,NaN,0.05279052561,2,3,-1
306.9427675,62.47463339,6.23661795,26.25095399,70.14219675,0.007622591322,NaN,0.05281060513,2,3,-1
307.9427634,62.47463321,6.236618021,26.25601322,70.14725615,0.01304438419,NaN,0.0528823556,2,3,-1
308.9427584,62.47463263,6.236617419,26.24834835,70.13959177,0.01029923613,NaN,0.05299855576,2,3,-1
309.9427534,62.47463281,6.236619647,26.2240637,70.11530701,0.02599178421,NaN,0.05308094812,2,3,-1
310.9427499,62.4746334,6.236618683,26.26764858,70.15889135,0.008048082382,NaN,0.05311224778,2.000028399,3,-1
311.9427458,62.47463334,6.236619281,26.26425959,70.15550242,0.005473422643,NaN,0.05318246757,2.000056493,3,-1
312.9427409,62.47463341,6.236620639,26.19099695,70.08223974,0.02088116386,NaN,0.05318331654,2.000084747,3,-1
313.942737,62.47463341,6.236620627,26.16875967,70.06000247,0.007506186708,NaN,0.05325626695,2,3,-1
314.9427325,62.47463295,6.236619601,26.22399942,70.11524261,0.03481976604,NaN,0.05327596303,2.000027798,3,-1
315.9427295,62.47463313,6.236619628,26.17500874,70.06625176,0.01081317683,NaN,0.05334228482,2,3,-1
316.9427251,62.47463333,6.236620844,26.15354965,70.04479252,0.007657932512,NaN,0.05335705993,2,3,-1
317.9427211,62.47463324,6.236621049,26.14783299,70.03907595,0.01429235056,NaN,0.05337353518,2,3,-1
318.9427173,62.47463327,6.236620736,26.06259147,69.9538344,0.1094719777,NaN,0.05339395575,2,3,-1
319.9427131,62.47463328,6.236620339,26.17047621,70.06171912,0.01743577365,NaN,0.05343907438,2,3,-1
320.94271,62.47463287,6.236620399,26.14996451,70.04120778,0.02686459176,NaN,0.05344485486,2.000028333,3,-1
321.9427055,62.47463288,6.236620511,26.10866674,69.99991001,0.01091529438,NaN,0.05355477523,2,3,-1
322.9427024,62.47463386,6.236620788,26.14813676,70.03937917,0.05295604385,NaN,0.05359583035,2.000028166,3,-1
323.9426987,62.47463408,6.236621424,26.1504169,70.04165912,0.01375515753,NaN,0.05369839472,2,3,-1
324.9426955,62.47463494,6.236622173,26.153438,70.04467948,0.005215388708,NaN,0.05377479151,2,3,-1
325.9426911,62.47463555,6.236622843,26.14976302,70.04100397,0.007881350888,NaN,0.05381166928,2,3,-1
326.942688,62.47463533,6.236622307,26.16158101,70.05282215,0.05180830254,NaN,0.05390074138,2,3,-1
327.9426842,62.47463455,6.236621893,26.20057828,70.0918201,0.02361270828,NaN,0.05393172051,2,3,-1
328.9426814,62.47463429,6.236622123,26.19232217,70.08356422,0.02096089533,NaN,0.05395275429,2.000028143,3,-1
329.942677,62.47463412,6.236622279,26.1234055,70.01464771,0.005890165796,NaN,0.05399125047,2,3,-1
330.9426744,62.47463421,6.236621558,26.27937901,70.17062112,0.1880758069,NaN,0.05405091912,2.000028139,3,-1
331.9426707,62.47463465,6.236620883,26.2793913,70.17063301,0.06708988801,NaN,0.05410967373,2,3,-1
332.9426669,62.47463415,6.236621276,26.2017757,70.09301785,0.03566497801,NaN,0.05419966089,2.000027726,3,-1
333.9426643,62.47463404,6.236619541,26.33836329,70.22960551,0.03260886521,NaN,0.05424569613,2,3,-1
334.9426606,62.47463433,6.236618892,26.35830903,70.24955098,0.02570432033,NaN,0.0543168739,2,3,-1
335.9426568,62.47463492,6.236618354,26.36125346,70.25249488,0.009596388947,NaN,0.05433863564,2,3,-1
336.9426537,62.47463474,6.236618509,26.32477085,70.21601243,0.009487448582,NaN,0.05437635175,2,3,-1
337.9426504,62.47463486,6.236617824,26.30854173,70.19978319,0.01007654178,NaN,0.05440629475,2.000028063,3,-1
338.9426475,62.47463499,6.23661732,26.30321393,70.19445526,0.07287172688,NaN,0.05442257559,2.000056448,3,-1
339.9426441,62.47463494,6.236617618,26.26474716,70.15598854,0.0170347773,NaN,0.05445782865,2.000084755,3,-1
340.9426411,62.47463507,6.23661699,26.29284583,70.18408709,0.0221508282,NaN,0.05453345965,2,3,-1
341.9426373,62.47463525,6.236618409,26.26140255,70.15264368,0.0280758627,NaN,0.05458100369,2.000005035,3,-1
342.9426335,62.47463482,6.236618328,26.23182147,70.12306297,0.04576570186,NaN,0.05463429874,2.000033297,3,-1
343.9426308,62.47463453,6.236619145,26.18016641,70.07140819,0.008386658282,NaN,0.05471688853,2,3,-1
344.9426283,62.47463514,6.236618228,26.17442437,70.0656656,0.04000825985,NaN,0.05474128983,2,3,-1
345.9426244,62.47463524,6.236617803,26.14029755,70.03153868,0.005757653692,NaN,0.05480884232,2,3,-1
346.9426215,62.47463506,6.23661906,26.14487045,70.03611176,0.008252836748,NaN,0.05486386205,2,3,-1
347.9426185,62.47463467,6.236619731,26.16096721,70.05220887,0.005825196767,NaN,0.05493981199,2,3,-1
348.9426153,62.47463411,6.236620569,26.17092238,70.06216456,0.01342930293,NaN,0.0550045927,2,3,-1
349.9426118,62.47463368,6.236621426,26.14480279,70.03604537,0.01400851207,NaN,0.05506853237,2,3,-1
350.9426087,62.47463345,6.236622561,26.09826517,69.98950798,0.07043136365,NaN,0.05512861643,2,3,-1
351.9426047,62.47463352,6.236621404,26.08718303,69.97842574,0.02034456641,NaN,0.05516376926,2,3,-1
352.9426022,62.47463371,6.236621958,26.11337136,70.00461392,0.01533977775,NaN,0.05523871536,2.000028408,3,-1
353.9425992,62.47463413,6.23662082,26.18777736,70.07901952,0.09958162453,NaN,0.05528576342,2.000056915,3,-1
354.9425963,62.47463385,6.236621506,26.14047019,70.03171262,0.01043225194,NaN,0.05534763689,2,3,-1
355.9425925,62.47463435,6.236620978,26.13969823,70.0309402,0.01755262911,NaN,0.05540019962,2.000028189,3,-1
356.9425899,62.47463444,6.236621983,26.14175044,70.03299236,0.01007121209,NaN,0.05544044771,2,3,-1
357.9425863,62.47463413,6.236621591,26.16447768,70.05571987,0.01765445778,NaN,0.05547880315,2,3,-1
358.9425833,62.4746338,6.236621373,26.10085027,69.99209275,0.009888075527,NaN,0.05555704052,2,3,-1
359.9425802,62.47463323,6.236620475,26.1487901,70.04003306,0.007548461732,NaN,0.05558690483,2,3,-1
360.9425769,62.47463336,6.236620981,26.21505045,70.1062933,0.0109134058,NaN,0.05564499221,2,3,-1
361.9425733,62.47463352,6.236622055,26.23044934,70.12169207,0.02751277708,NaN,0.05569957198,2,3,-1
362.9425706,62.47463338,6.23662104,26.15912698,70.05036982,0.02644042863,NaN,0.05574514968,2,3,-1
363.9425671,62.47463359,6.236620287,26.16722811,70.05847074,0.01345373455,NaN,0.05579765908,2,3,-1
364.9425647,62.47463367,6.236619279,26.19379393,70.08503647,0.03714728424,NaN,0.05585274262,2,3,-1
365.942561,62.47463346,6.236620251,26.21278079,70.10402353,0.01505856165,NaN,0.05585492078,2,3,-1
366.9425581,62.47463348,6.236620237,26.18971394,70.08095667,0.0730886194,NaN,0.05589110327,2.000028472,3,-1
367.942555,62.47463359,6.236620901,26.23630425,70.1275469,0.02703285408,NaN,,2.000056726,3,-1
